{"cameraMode":{"drawMode":0,"name":"Shaded","section":"Shading Mode"},"sceneLighting":false,"audioPlay":false,"sceneViewState":{"showFog":true,"showMaterialUpdate":true,"showSkybox":false,"showFlares":true,"showImageEffects":true,"showParticleSystems":true},"in2DMode":false,"pivot":{"x":-0.000003814697265625,"y":20.707103729248048,"z":-0.00000286102294921875},"rotation":{"x":-0.009826388210058213,"y":-0.9900550842285156,"z":0.09115247428417206,"w":-0.10673566907644272},"size":115.67830657958985,"orthographic":false}