{"cameraMode":{"drawMode":0,"name":"Shaded","section":"Shading Mode"},"sceneLighting":false,"audioPlay":false,"sceneViewState":{"showFog":true,"showMaterialUpdate":true,"showSkybox":true,"showFlares":true,"showImageEffects":true,"showParticleSystems":true},"in2DMode":false,"pivot":{"x":786.5855712890625,"y":60.28515625,"z":-13.490325927734375},"rotation":{"x":-0.009826388210058213,"y":-0.9900550842285156,"z":0.09115247428417206,"w":-0.10673566907644272},"size":506.4036560058594,"orthographic":false}